{"cameraMode":{"drawMode":0,"name":"Shaded","section":"Shading Mode"},"sceneLighting":true,"audioPlay":false,"sceneViewState":{"showFog":true,"showMaterialUpdate":false,"showSkybox":true,"showFlares":true,"showImageEffects":true,"showParticleSystems":true},"in2DMode":false,"pivot":{"x":1.8386435508728028,"y":0.4395904541015625,"z":0.1435546875},"rotation":{"x":-0.033367887139320376,"y":-0.5910595059394836,"z":0.024482745677232744,"w":-0.805565595626831},"size":6.642843246459961,"orthographic":true}