{"cameraMode":{"drawMode":0,"name":"Shaded","section":"Shading Mode"},"sceneLighting":true,"audioPlay":false,"sceneViewState":{"showFog":true,"showMaterialUpdate":false,"showSkybox":true,"showFlares":true,"showImageEffects":true,"showParticleSystems":true},"in2DMode":false,"pivot":{"x":0.0,"y":2.9999992847442629,"z":-11.652724266052246},"rotation":{"x":0.3991187512874603,"y":0.11940265446901322,"z":-0.052504777908325198,"w":0.907573938369751},"size":29.2545223236084,"orthographic":false}