{"cameraMode":{"drawMode":0,"name":"Shaded","section":"Shading Mode"},"sceneLighting":true,"audioPlay":false,"sceneViewState":{"showFog":true,"showMaterialUpdate":false,"showSkybox":true,"showFlares":true,"showImageEffects":true,"showParticleSystems":true},"in2DMode":false,"pivot":{"x":-0.38024473190307619,"y":0.2549443244934082,"z":-2.284316062927246},"rotation":{"x":0.24986042082309724,"y":0.2714605927467346,"z":-0.07320298999547959,"w":0.9265637397766113},"size":7.745899677276611,"orthographic":false}