{"cameraMode":{"drawMode":0,"name":"Shaded","section":"Shading Mode"},"sceneLighting":true,"audioPlay":false,"sceneViewState":{"showFog":true,"showMaterialUpdate":false,"showSkybox":true,"showFlares":true,"showImageEffects":true,"showParticleSystems":true},"in2DMode":false,"pivot":{"x":-4.530000686645508,"y":5.426831245422363,"z":-6.280239582061768},"rotation":{"x":-0.00022247026208788157,"y":-0.999505877494812,"z":-0.007187755778431892,"w":0.030600564554333688},"size":12.54086685180664,"orthographic":false}