{"cameraMode":{"drawMode":0,"name":"Shaded","section":"Shading Mode"},"sceneLighting":true,"audioPlay":false,"sceneViewState":{"showFog":true,"showMaterialUpdate":false,"showSkybox":true,"showFlares":true,"showImageEffects":true,"showParticleSystems":true},"in2DMode":false,"pivot":{"x":1.8386435508728028,"y":0.4395904541015625,"z":0.1435546875},"rotation":{"x":-0.25533270835876467,"y":0.23493599891662599,"z":-0.06411028653383255,"w":-0.9356816411018372},"size":15.76369571685791,"orthographic":true}