{"cameraMode":{"drawMode":0,"name":"Shaded","section":"Shading Mode"},"sceneLighting":true,"audioPlay":false,"sceneViewState":{"showFog":true,"showMaterialUpdate":false,"showSkybox":true,"showFlares":true,"showImageEffects":true,"showParticleSystems":true},"in2DMode":false,"pivot":{"x":-0.0000019073486328125,"y":0.5060000419616699,"z":7.0},"rotation":{"x":0.38346609473228457,"y":-0.3900679349899292,"z":0.18311145901679994,"w":0.8168665766716003},"size":15.311488151550293,"orthographic":false}