{"cameraMode":{"drawMode":0,"name":"Shaded","section":"Shading Mode"},"sceneLighting":true,"audioPlay":false,"sceneViewState":{"showFog":true,"showMaterialUpdate":false,"showSkybox":true,"showFlares":true,"showImageEffects":true,"showParticleSystems":true},"in2DMode":false,"pivot":{"x":8.301078796386719,"y":-4.706059455871582,"z":47.17128372192383},"rotation":{"x":-0.13187293708324433,"y":-0.027343226596713067,"z":0.003636956913396716,"w":-0.9908828139305115},"size":70.90726470947266,"orthographic":false}