{"cameraMode":{"drawMode":0,"name":"Shaded","section":"Shading Mode"},"sceneLighting":true,"audioPlay":false,"sceneViewState":{"showFog":true,"showMaterialUpdate":false,"showSkybox":true,"showFlares":true,"showImageEffects":true,"showParticleSystems":true},"in2DMode":false,"pivot":{"x":1.8386435508728028,"y":0.4395904541015625,"z":0.1435546875},"rotation":{"x":-0.18003125488758088,"y":-0.37291648983955386,"z":0.07400279492139816,"w":-0.9072186350822449},"size":9.269128799438477,"orthographic":true}